老鹰,亚特兰大,https://raw.githubusercontent.com/timaboderin/NBA_Logos/master/atlanta.png
凯尔特人,波士顿,https://raw.githubusercontent.com/timaboderin/NBA_Logos/master/boston.png
篮网,布鲁克林,https://raw.githubusercontent.com/timaboderin/NBA_Logos/master/brooklyn.png
黄蜂,夏洛特,https://raw.githubusercontent.com/timaboderin/NBA_Logos/master/charlotte.png
公牛,芝加哥,https://raw.githubusercontent.com/timaboderin/NBA_Logos/master/chicago.png
骑士,克利夫兰,https://raw.githubusercontent.com/timaboderin/NBA_Logos/master/cleveland.png
独行侠,达拉斯,https://raw.githubusercontent.com/timaboderin/NBA_Logos/master/dallas.png
掘金,丹佛,https://raw.githubusercontent.com/timaboderin/NBA_Logos/master/denver.png
活塞,底特律,https://raw.githubusercontent.com/timaboderin/NBA_Logos/master/detroit.png
勇士,金州,https://raw.githubusercontent.com/timaboderin/NBA_Logos/master/golden_state.png
火箭,休斯敦,https://raw.githubusercontent.com/timaboderin/NBA_Logos/master/houston.png
步行者,印第安纳,https://raw.githubusercontent.com/timaboderin/NBA_Logos/master/indiana.png
快船,洛杉矶,https://raw.githubusercontent.com/timaboderin/NBA_Logos/master/la_clippers.png
湖人,洛杉矶,https://raw.githubusercontent.com/timaboderin/NBA_Logos/master/la_lakers.png
灰熊,孟菲斯,https://raw.githubusercontent.com/timaboderin/NBA_Logos/master/memphis.png
热火,迈阿密,https://raw.githubusercontent.com/timaboderin/NBA_Logos/master/miami.png
雄鹿,密尔沃基,https://raw.githubusercontent.com/timaboderin/NBA_Logos/master/milwaukee.png
森林狼,明尼苏达,https://raw.githubusercontent.com/timaboderin/NBA_Logos/master/minnesota.png
鹈鹕,新奥尔良,https://raw.githubusercontent.com/timaboderin/NBA_Logos/master/new_orleans.png
尼克斯,纽约,https://raw.githubusercontent.com/timaboderin/NBA_Logos/master/new_york.png
雷霆,俄克拉荷马城,https://raw.githubusercontent.com/timaboderin/NBA_Logos/master/oklahoma_city.png
魔术,奥兰多,https://raw.githubusercontent.com/timaboderin/NBA_Logos/master/orlando.png
76人,费城,https://raw.githubusercontent.com/timaboderin/NBA_Logos/master/philadelphia.png
太阳,菲尼克斯,https://raw.githubusercontent.com/timaboderin/NBA_Logos/master/phoenix.png
开拓者,波特兰,https://raw.githubusercontent.com/timaboderin/NBA_Logos/master/portland.png
国王,萨克拉门托,https://raw.githubusercontent.com/timaboderin/NBA_Logos/master/sacramento.png
马刺,圣安东尼奥,https://raw.githubusercontent.com/timaboderin/NBA_Logos/master/san_antonio.png
猛龙,多伦多,https://raw.githubusercontent.com/timaboderin/NBA_Logos/master/toronto.png
爵士,犹他,https://raw.githubusercontent.com/timaboderin/NBA_Logos/master/utah.png
奇才,华盛顿,https://raw.githubusercontent.com/timaboderin/NBA_Logos/master/washington.png
